{"i":10,"f":99.9,"b":true,"str":"JSON Test String","iArray":[1,1,3,5,8,13,21,34,55],"iList":[0,2,4,6,8],"fDictionary":{"PIE":3.14159274,"Epsilon":1.401298E-45,"Sqrt(2)":1.41421354}}