{"cameraMode":{"drawMode":2,"name":"Shaded Wireframe","section":"Shading Mode"},"sceneLighting":true,"audioPlay":false,"sceneViewState":{"showFog":true,"showMaterialUpdate":false,"showSkybox":true,"showFlares":true,"showImageEffects":true,"showParticleSystems":true},"in2DMode":false,"pivot":{"x":5.939423561096191,"y":3.512371063232422,"z":3.4203872680664064},"rotation":{"x":-0.2626244127750397,"y":0.1030963808298111,"z":-0.028234438970685006,"w":-0.9589599967002869},"size":64.3524169921875,"orthographic":false}