{"cameraMode":{"drawMode":2,"name":"Shaded Wireframe","section":"Shading Mode"},"sceneLighting":true,"audioPlay":false,"sceneViewState":{"showFog":true,"showMaterialUpdate":false,"showSkybox":true,"showFlares":true,"showImageEffects":true,"showParticleSystems":true},"in2DMode":false,"pivot":{"x":12.396421432495118,"y":-2.910085678100586,"z":-2.335226058959961},"rotation":{"x":-0.23750115931034089,"y":0.4491755962371826,"z":-0.12518858909606934,"w":-0.8521527647972107},"size":39.45249938964844,"orthographic":false}