{"cameraMode":{"drawMode":2,"name":"Shaded Wireframe","section":"Shading Mode"},"sceneLighting":true,"audioPlay":false,"sceneViewState":{"showFog":true,"showMaterialUpdate":false,"showSkybox":true,"showFlares":true,"showImageEffects":true,"showParticleSystems":true},"in2DMode":false,"pivot":{"x":7.785414695739746,"y":5.765660285949707,"z":5.64471435546875},"rotation":{"x":-0.02729552984237671,"y":-0.027888810262084008,"z":0.0007617947412654758,"w":-0.9992390871047974},"size":46.339088439941409,"orthographic":false}