{"cameraMode":{"drawMode":2,"name":"Shaded Wireframe","section":"Shading Mode"},"sceneLighting":true,"audioPlay":false,"sceneViewState":{"showFog":true,"showMaterialUpdate":false,"showSkybox":true,"showFlares":true,"showImageEffects":true,"showParticleSystems":true},"in2DMode":false,"pivot":{"x":-4.106295108795166,"y":-1.4789118766784669,"z":-6.57488489151001},"rotation":{"x":-0.21559718251228333,"y":0.5185480713844299,"z":-0.13700684905052186,"w":-0.815999448299408},"size":14.938844680786133,"orthographic":false}