{"cameraMode":{"drawMode":2,"name":"Shaded Wireframe","section":"Shading Mode"},"sceneLighting":true,"audioPlay":false,"sceneViewState":{"showFog":true,"showMaterialUpdate":false,"showSkybox":true,"showFlares":true,"showImageEffects":true,"showParticleSystems":true},"in2DMode":false,"pivot":{"x":26.241113662719728,"y":9.506481170654297,"z":22.308197021484376},"rotation":{"x":-0.19503216445446015,"y":-0.1386551558971405,"z":0.02786283940076828,"w":-0.9705467820167542},"size":142.66653442382813,"orthographic":false}